{"min":0.0,"max":403.45714285714286,"default":3.9762857142857144,"step":0.1,"code":"number_of_energy_power_ultra_supercritical_network_gas","unit":"#"}