{"min":0.0,"max":41.53235294117647,"default":0.7856371323529412,"step":0.1,"code":"number_of_energy_power_supercritical_coal","unit":"#"}